folio,organization,region,type_organization,year_rpa_org,n_members_org,gender,age,gear,education,married,family_members,year_rpa,income_marine_res,leadership,entrepreneurship,activities,trust,norms,community,efficiency,cooperation,conflict,soc_capital,motivation_1,motivation_2,motivation_3,women_in_ssf_1,women_in_ssf_2,women_in_ssf_3,jobs_on_land,jobs_as_gatherer,jobs_as_assistent,jobs_net_fishing,jobs_any,womwn_ssf_ten_yeas
1,El Quisco,5,Men,1959,72,Male,55,No,HighSchool,Yes,0,1985,Yes,10,20,6.8,14.8,10,20,15,20,4.5,10.6,work,bien estar,-,positivo,me gusta,Que se respete y haya equidad,15,15,14.5,10,16,Yo pienso que no van a participar. Alguine que venga de afuera no se va a dedicar a la pesca. Sólo si esta relacionada como por ejemplo su marido.
2,El Quisco,5,Men,1959,72,Male,49,Yes,HighSchool,No,0,1992,Yes,5.5,14.9,3.8,13.3,17.2,20,10,14,13.5,14.4,work,bien estar económico,salud,pocas,no me incomoda,trabajo a la par,10,20,0,0,10,"Va a haber un aumento pero leve. No da para que se integren, la pesca esta en decadencia. Es muy sacrificado."
3,El Quisco,5,Men,1959,72,Male,68,Yes,No,Yes,2,1992,Yes,10,20,10,10,20,20,10,10,10,6.4,help for health,-,-,Esta bien,hay en varias partes,-,10,10,10,0,10,Yo creo que van a haber mñas mujeres. Para ayudar al marido.
4,El Quisco,5,Men,1959,72,Male,68,Yes,Incomplete,Yes,2,1992,Yes,16.5,16.5,10,17.2,17.9,20,14.8,15.8,3.7,12.6,help for health,Beneficos económicos,-,pueden participar,hay muchas,no esta difícil la pesca,10,16.9,8,10,20,Pueden entrar más quizas. No aquí pero en otras partes. Aquí no es gran cosa y se les hace difícil.
5,El Quisco,5,Men,1959,72,Male,56,Yes,HighSchool,Yes,0,1980,Yes,20,20,17.5,10,20,20,19.2,17.6,0,14.8,be a representative and a leader,"Red de conoexión (conocer a otros sindicatos, profesores)",-,Interesante,inteligente,libre,17.5,19,19,14.5,20,Casi nula porque no hay gente interesada y la pesca cada vez se va reduciendo. 
6,Las Cruces,5,Women,2001,13,Female,59,Yes,primary,Yes,1,2001,Yes,20,20,20,20,18.2,20,20,20,2.1,15.2,well being and happiness,Poder ayudar a compañeras,conocer gente y lugares,feliz,buen sustento para la casa,cocina,20,20,20,20,20,"Buena, uno quiere pero la pesca es poca. El recurso esta escazo"
7,Las Cruces,5,Women,2001,13,Female,69,Yes,primary,Yes,1,2001,No,17.5,18.5,20,1,15.5,12.2,8,10.5,1,4.3,access to capacity building workshops,Ir a distintos lugares,"no estar en la casa, tener cosas que hacer",Se la pueden,luchadoras,tener un dentro,14.5,17,6.5,3,20,Nula participación porque los pares dan muy poco apoyo; ellos se creen los amos de todo
8,Las Cruces,5,Women,2001,13,Female,53,Yes,HighSchool,Yes,1,2001,No,17.6,20,20,17.5,19,20,20,20,4,12.8,personal growth as a women,poder cumplir mis sueños,poder conseguir todo lo que tenemos (tener un patrimonio),Esfuerzo,Valentía,Ejemplo,19.2,20,13.2,20,20,"Cada vez lamujer se atreve a hacer cosas nuevas. Perdiendo la mentalidad de que los hombres tienen que proever todos, ellas también pueden. Las veo sin temos a enfrentar el futuro."
9,Las Cruces,5,Women,2001,13,Female,41,Yes,HighSchool,No,3,2001,No,20,18.3,20,16.7,7,20,20,17.9,0,8,I like the activities,Participar con la comunidad,Tirar para arriba todas juntas,recolectoras,-,-,20,20,14.9,13.5,20,Buena. Tiene que seguir aumentando las mujeres que se integren en el rubro.
10,Las Cruces,5,Women,2001,13,Female,48,Yes,HigherED,No,0,2000,No,16.8,20,17.5,16,14.5,20,16,20,6.7,9.6,personal growth,autoestima,valores,guerreras,deshaogo del alma,seguridad,16.5,16.5,0,0,20,"No la veo potenciada. Tiene periodos de auge [la participación de las mujeres en la pesca] pero no se potencia porque no hay una preocupación política y por parte del gobiernos, por desarrollar a la mujer en el rubor. Hay muchas trabas, la pesca esta trabada por las políticas de Estado. Con mayo razón las mujeres buescan otros rubros. "
11,Mostazal,5,MixedW,1998,23,Female,51,Yes,primary,Yes,2,1998,Yes,20,20,20,10,10,20,20,20,10,6.1,I like collecting algaes,me ayuda con los proyectos que vienen,-,recolectar algas cuando la mar esta baja,Vender algas,-,20,10,0,10,20,Tiene que haber más mujeres. Pero puede que disminuyan o puede que aumenten.
12,Mostazal,5,MixedW,1998,23,Female,45,Yes,primary,Yes,2,2000,Yes,20,20,20,16,20,14,20,20,14,10.1,win proyects for me and the group,"aprender, sobretodo siendo presidenta",Apoyar a los socios sobre todo a las mujeres,Super bien que trabajen,trabajan en areas libres,para tener plata para el su sustento,20,20,15,20,20,Van a seguit umentando es un bientrabajo que hacer.
13,Mostazal,5,MixedW,1998,23,Male,46,Yes,primary,Yes,2,2000,Yes,20,20,20,10,20,20,20,20,0,8.3,helps the salary,beneficios de proyectos,sede,bueno que participen,en pocos lados se ven,-,20,20,10,20,20,"Bien, vana ahaber más mujeres particiapando."
14,Mostazal,5,MixedW,1998,23,Male,35,Yes,HigherED,No,3,2000,No,19,14.5,16,20,16,20,20,20,10,17.4,Economic,Comunicación,Compartir,Encarnadoras,Esfuerzo,Sacrisficio,20,20,4,0,10,Organizandose y creciendo más
15,Mostazal,5,MixedW,1998,23,Female,28,Yes,HigherED,No,4,2005,Yes,18.5,10,18.5,19,10,10,20,15.5,0,6.5,community cohesion,cumplir con objetivos que beneficien a todos,realizar la actividad que me gusta,Esfuerzo,perseverancia,liderazgo,20,20,20,20,15,"Me gustaría que pudieran desempeñar mñas el rol, que se empoderaran un poc más y destaquen más en el rubro. Teniendo más oportunidades para hacerlo."
16,La Boca,6,MixedW,1981,,Female,73,No,No,No,1,2003,Yes,16.5,20,4,4,1,0,10,10,17,3.9,access and be able to work in TURF,ayuda a registrar los desembarques,-,se trabaja en la playa,los hombres tabajan en la pesca,-,20,20,0,0,3,No sé que va a pasar aquí. No creo que más mujeres se integren aquí.
17,La Boca,6,MixedW,1981,,Male,45,Yes,primary,Yes,0,1988,No,15.3,20,2,10,0,12,10,8,16.2,5.2,I contribute to the group with my role as the tresures,-,-,Esta bien,que no sea machista el rubro,-,10,20,0,10,20,La particpación va a ser cada vez más pareja con la de los hombres; ya hay varias mujeres tranajando
18,La Boca,6,MixedW,1981,,Female,57,Yes,HigherED,Yes,3,2005,No,15.6,18.5,10,10,10,18.5,10,18.5,14,16.2,help,prosperar,-,Esfuerzo,Poco reconocido y valorado,ganando espacio,20,20,8.5,10,15,"Avanzando, ganando espacio en el campo laboral. Defendiedoal medio ambiente, preocuoandose más del recurso y de la contaminación. La mujer es más integral. Es más preocupada de cumplir las normas, más responsibilidad en la prosperidad del recurso.Veo más participación de mujeres jovenes y me gusta"
19,La Boca,6,MixedW,1981,,Male,61,Yes,primary,Yes,2,2010,Yes,20,20,6,10,10,2,10,10,2.5,8.2,get projects that other wise you would not get on your own,-,-,si le gusta esta bien,como se le va a quitar [la posibilidad de participar],-,10,20,10,17.1,4,"Seria bueno que sigan participando si les gusta. Aunque con el tiempo esto se va a acabar. Si seguimos así, los barcos industriales etan pelando todo. "
20,La Boca,6,MixedW,1981,,Male,47,Yes,Incomplete,No,7,1995,Yes,20,20,16,15,8.5,20,16,18,11,11.5,i like diving,llegan proyectos,-,bien,respeto frente a la mujer,-,12.4,10,5,0,10,"Capas que trabajen las mujeres, así como estamos la mujer va a estar en la pesca. Podrían ahaber más mujeres trabajando en el rubro."
21,Matanza,6,MixedM,1985,25,Male,49,No,primary,Yes,0,1990,Yes,20,20,20,14,10,16,18,16,2,9.8,"we can achive more together, for example have a shop",si nos enfermamos nos apoyan,"estoy de acuerdo con la organización, lo hace bien",tienen que participar,no puede ser un rurbo de puros hombres,el mar pude ser una fuente de trabajo para ellas,10,10,0,6,16,"Que sea buena. Que participen más, que hagan cosas positivas para que todo marche bien, sin deteriorar el ambiente."
22,Matanza,6,MixedM,1985,25,Female,64,Yes,Incomplete,Yes,2,1985,Yes,20,20,20,20,20,2,18,20,2,6.7,they give us wetsuits,nos dan redes,he sido toda la vida; me identifico con esto,bonito,comun y corriente,trabajo que sea mixto,20,20,0,10,20,Quizas pueden pero la pesca cada vez se ven menos peces. Las futuras generaciones no van a conocer los mariscos; sólo por dibujos. Esta bien que la mujer trabaje en el mar porque puede
23,Matanza,6,MixedM,1985,25,Male,45,No,primary,No,2,2000,Yes,20,20,20,20,20,10,20,20,3,9.3,well being of the cove,que nos sigan apoyando para seguir crecinedo,me va bien en lo que hago,bien,ellas tamabién pueden,es bueno que participen,20,20,20,10,20,Ojala que surgan más de lo qie esta surgiendo. Ojalá hayan más mujeres que se dediquen a esto.
24,Matanza,6,MixedM,1985,25,Male,30,Yes,HighSchool,Yes,0,2013,Yes,20,20,20,18,15,14.5,16,19,16,3.1,belong to the union,estar en el registro pesquero y en los proyectos,soy de la playa entonces hay que hacer las cosas bien,siempre han estado en las caletas,trabajan el alga,en la pesca no he visto mujeres,11.1,20,0,10.6,10,"Pocas posibilidades porque así como va la pesca, hay pocos recursos."
25,Matanza,6,MixedM,1985,25,Male,31,Yes,HighSchool,No,3,2000,Yes,16,20,14,20,16,20,20,10,10,13.1,my opinion is heard in the group,Las autoridades te escuchan más,posibilidad de desarrollo,sacrisficio,Esfuerzo,frio,19,20,0,0,10,Va a bajar por la falta de recursos en el mar. Se esta perdiendo la tradición.
26,Puertecillo,6,MixedM,1986,48,Male,64,Yes,Incomplete,Yes,1,1992,Yes,6.9,14.1,2,2,1,20,18.5,4,20,4.4,work on kelp,-,-,es bueno,hay dirigentas nacionales,hay mujeres participando,10,20,10,0,7,"Ha habido más participación. Ahora son parte del sindicato, se incluyeron para poder larles un parcela de cochayuyo."
27,Puertecillo,6,MixedM,1986,48,Female,55,No,Incomplete,Yes,1,2000,Yes,10,20,18.4,6.5,7.5,20,17.9,10,20,13.2,work with marine resources,-,-,algueras,lucheras,cuchuyeras,20,20,20,20,20,"Yo creo que van a haber muchas mujeres participando porque es un trabajoy lo pueden hacer. Van a manejar hasta barcos. Van a ser presidentas, diriegentas,todo."
28,Puertecillo,6,MixedM,1986,48,Male,30,Yes,HighSchool,Yes,2,2005,No,15.5,10,10,14.5,10,18,12.4,10,10,5.3,independent work,-,-,Entretenido,justicia,Igualdad,20,20,20,20,20,Acá es dificil. Pero yo quiero que sea de igual a igual. Que [las mujeres] sean activas como o más que los hombres.
29,Puertecillo,6,MixedM,1986,48,Female,68,Yes,primary,Yes,2,1992,Yes,20,12.3,16.2,10,10,18.1,10,10,2,8.9,work at my own pace,área de manejo,-,nada que no pueda hacer,hay mujeres más capaces que hombres,-,20,20,10,10,10,"Me parece bien. Acá va a seguir siendo más menos igual porque las mujeres no trabajan en lo que nosotros hacemos, se van. "
30,Puertecillo,6,MixedM,1986,48,Female,81,No,Incomplete,Yes,2,1986,Yes,19,10,8,12,10,20,10,10,1,10.9,work source and be able to go into the ocean,me gustaba ser responsable como tesorera,-,buenas compañeras,nos entendemos,-,10,18,0,0,17,Yo creo que ya no van a participar. La juventud estudia y se va. Hay tanta facilidad para estudiar que vamos quedando puero viejos.
31,PichilemuFar,6,MixedW,2011,29,Female,38,No,primary,No,3,2013,Yes,20,20,20,20,17.5,0,20,20,10,3.6,go out fishing,"ayuda en las normas, con lo papeles y los proyectos",aprender,bueno,en ascenso,favorable,20,20,20,20,20,"Vamos a llegar al 80%. Hay quedarle más espacio, que no nos tiren tanto para atrás."
32,PichilemuFar,6,MixedW,2011,29,Female,38,Yes,primary,No,5,2012,No,20,18.5,20,17.5,12.2,15.1,15.5,17.1,20,12.9,pesonal satisfaction and achive something as a group,retribución,emocional,fuerza,coraje,capacida y perserverancia,18.4,20,20,10,16,"No van a ahber recursos, los recursos se agotan. Los pescadores no queiren que sus hijos se invlucren en la pesca porque no hay recuersos. Si el recurso se mantiene, habrían más mujeres [participando]."
33,PichilemuFar,6,MixedW,2011,29,Female,35,Yes,HighSchool,No,1,2012,Yes,20,20,NA,10,16.6,0,20,17,3,8.4,pride as a women,Ser mejor persona: ayudando,confianza,progreso,futiro,estabilidad económica,20,20,20,20,20,Más empoderadas; mejores dirigentas.
34,PichilemuFar,6,MixedW,2011,29,Female,37,Yes,HighSchool,No,NA,2012,No,10,20,NA,10,20,20,20,10,5,9.5,capacity building,luchar contra las injusticias,pelear por el acceso libre a las playas,fala de oportunidades,pocas capacitaciones,pocos incentivos,20,20,0,0,10,"Cada día menos. No sólo porque son mujeres, si no que todos los pescadores. No se favorece el rubor y menos a las mujeres, no tienen oportunidades. Sólo se favorece a la pesca industrial. "
35,PichilemuFar,6,MixedW,2011,29,Male,40,Yes,HighSchool,No,2,1995,Yes,18,20,NA,14.5,16.5,9,18,16,10,8.7,,,,,,,19.6,20,15,12.5,14,
36,PichilemuWom,6,Women,2000,23,Female,57,Yes,Incomplete,No,1,2013,No,17,20,20,16.1,1.1,12.1,17.8,20,NA,5.3,receive help (food box),capacitaciones,se pasa bien,novedad,entretenido,-,20,20,9.5,10,16.6,Bien. Salir adelante para poder vivir y sibsistir. Las mujeres son más valientes. 
37,PichilemuWom,6,Women,2000,23,Female,45,No,Incomplete,Yes,4,2009,No,20,20,20,20,17.7,19.5,20,20,0,8.1,be able to work in the TURF. There is no resources outside,Dinero para la casa,-,esfuerzo,sacrisficio,trabajo duro en el mar,20,20,14.1,9.8,20,Más participativa que ahora porque ahora no tiene mucha voz.
38,PichilemuWom,6,Women,2000,23,Female,31,No,HighSchool,No,3,2006,No,20,20,20,20,20,20,20,20,0,12,support from the government,genera ingresos,AM protegida y bien cuidada; siempre vamos a tener recurso porque la cuidamos,orgullo,fuerza,esfuerzo y safrificio,20,20,10,5,14.1,"Van a participar más. En Pichilemu se vive en un mundo machista, pero nosotras les hemos dado a conocer que si podemos. A partir de este ejemplo más mujeres se van a motivar. Pero los jovenes estan preocupados de ptras cosas. Ahora los niños tiene todo. No quiero que mis hijos vivan este sacrificio."
39,PichilemuWom,6,Women,2000,23,Female,52,Yes,Incomplete,Yes,1,2007,Yes,14,16.2,20,5.7,20,0,20,20,10,2.6,"work, income for myself",Aprender como funciona,Estar en grupo y compartir,recolectoras,algueras,-,20,20,10,3.5,18.5,"No se ve bien. No hay recurso. La pesca se va a terminar. Nosotras queremos tratar de que nuestra área perdure y no sé, dpende, esa es nuestra únca fuente de trabajo."
40,PichilemuWom,6,Women,2000,23,Female,52,Yes,primary,Yes,5,2002,No,18,20,20,16,16,16,18,18,10,15.3,improve quality of life,otra fuente de ingresos,nos justa el mar y trabajar juntas.,esfuerzo,sacrificio,"perseverancia, hay que peliarla",16,20,16,14,18,"Más o menos, ya estamos todas viejas. Es sacrificado, mis nietos no van a trabajar al mar, quizás sean biólogos marinos."
41,Lo Roja,8,MixedM,1982,265,Female,66,Yes,No,No,2,2005,Yes,20,20,18,10,20,0,16,20,2,8.6,help manage the fisheries quotas,-,-,"Es un arte, antes saliemaos a pescar",es bueno,hay en todos los rubros,20,20,20,20,20,"Si hubiera harto pescado lindo sería que participen. Pero sonde esta el pescado ahora, allá afuera 14-15 horas, ya no salen."
42,Lo Roja,8,MixedM,1982,265,Female,40,Yes,HighSchool,Yes,8,2007,Yes,20,20,20,18,19,20,20,20,16.4,17.5,be up to date on the fisheries issues,buscar soluciones,regular la pesca,diversificación,esfuerzo,logros,17.1,20,18.5,18.5,13.5,En constante aumento.
43,Lo Roja,8,MixedM,1982,265,Male,56,Yes,Incomplete,No,2,1979,Yes,8,18,20,10,16,15,16,10,6,3.6,helps solving problems,-,-,trabajan porque necesita,"no me incomoda, tienen necesidad",-,20,20,20,20,20,Van a participar más. Se estan organizando más. Antes no existían los sindicatos de mujeres y ahora hay varios acá.
44,Lo Roja,8,MixedM,1982,265,Male,43,No,primary,No,2,2005,Yes,17,20,16,16,15,20,14,16,10,12.4,good support,seguro de vida,beneficios de proyetos y el Estado,Que trabajen,se ven varias mujeres en la orilla,si quieren pueden,15,20,10,5,13,"Bien, ojalá hayan más mujeres trabajando. Son trabajadoras. Así descanza más uno."
45,Lo Roja,8,MixedM,1982,265,Male,41,Yes,Incomplete,No,1,2000,Yes,10,12,20,12,15.5,13,18,10,10.5,7,support when there is no good fishing conditions,-,-,Queda mucho que esperar,Igualdad,Que se atrevan más,14.9,20,10,13,10.5,Ojalá que se atrevan.
46,Lo Roja,8,MixedM,1982,265,Male,48,No,Incomplete,Yes,0,1992,Yes,10,18.5,16,16,16,6,18,20,2,10.1,"receive help, for example organizing legal documents",Recibir proyectos cuando el pescado estaen crísis,mantener,no me gusta,-,-,20,20,2,10,10,"Yo creo que bien. Pero no creo que hayan más mujeres porque no les va a gustar la pesca, es sólo para valientes."
47,MauleMen,8,Men,1995,30,Male,66,Yes,Incomplete,Yes,1,1998,No,10,0,0,0,3.7,20,0,20,15,4.5,receive benefits from companies,-,-,no para salir a pescar,chasqueadoras,-,20,20,0,0,5.9,Las chasqueadoras no más y eso. Esa es la pega de ellas.
48,MauleMen,8,Men,1995,30,Male,42,Yes,primary,Yes,1,2006,Yes,2,14,10,2,10,10,4,2,20,3.1,be able to go out to fish,de repente llegan ayudas de afura,estar activo como socio,bien,que no sea tan machista la cosa.,-,13,16,10,20,20,Va a aumentar. Se van a ver más mujeres participando en todas las áreas de la PA
49,MauleMen,8,Men,1995,30,Male,48,Yes,HighSchool,Yes,3,1995,Yes,0,16,12,15.6,16,0,10,10,15,4.3,allows me to keep fishing,área de manejo,forma parte de mi trabajo,es bueno,hoy saben más que los hombres,bienvenido sea mientras se haga bien,20,20,16,10,20,"Buena. Es de esperar que las mujeras no se aburran, porque el alga se va a terminar. Que participen, pero qué nos espera para el fururo."
50,MauleMen,8,Men,1995,30,Male,41,Yes,primary,Yes,5,1995,Yes,20,15,12,6,6,0,12,3,10,4.2,TURF,Beneficios sociales,comunicación con el grupo de trabajo,no es común,Hay mujeres contada con los dedos que se dedican,"no sería bueno, no les acomoda",20,20,1.3,0,5,"Va a haber una escaces de recursos, entonces la pesca va a decaer. El alga también se va muriendo, todas las artes de pesca van a desaparecer."
51,MauleMen,8,Men,1995,30,Male,33,Yes,Incomplete,No,1,2000,Yes,10,20,10,14,16,0,12,16,14,4.4,you receive benefits,proyectos,poder trabajar dentro del AM,nunca he trabajado con mujeres,-,-,20,13.4,0,10,10,"No creo, en 10 años más no va haber producto. Al menos lo que es alga no va a haber. Por la contaminación y el calentamiento del agua, el producto se esta quemando. "
52,MauleWomen,8,Women,2009,50,Female,33,No,HighSchool,No,2,2011,Yes,20,20,14,16,20,0,20,18,4,0.5,learn more,conocer a más gente,tener proyectos para la organización,Esfuerzo,ayuda económica para la cas,-,20,20,10,20,20,Se esta muriendo la cholga entonces no va a haber rubro
53,MauleWomen,8,Women,2009,50,Female,43,No,primary,Yes,1,2007,No,20,20,18,20,20,0,20,10,4,0.5,win over projects,generar recursos para el hogar,-,Esfuerzo,sacrisficio,trabajo de sol a sol,20,20,6,10,10,"Si las termoelectricas se meten más, no va haber recursos, entonces no vamos a tener qué comer ni en que trabajar."
54,MauleWomen,8,Women,2009,50,Female,46,No,primary,Yes,3,2007,Yes,20,20,20,14,18,0,16,16,10,0,be able to achive something for the family,ser sustentable con los recursos,dejar un legado para los hijos,luchadoras,apoyo para la familia,capaz,20,20,20,10,10,sin respuesta
55,MauleWomen,8,Women,2009,50,Female,47,No,primary,Yes,3,2007,No,20,20,20,16,16,0,16,16,10,0,meet different people,"nos juntamos y nos reímos, relajo y distracción",compartir y disfrutar en grupo,valientes,osadas,fuerte,20,20,20,10,13.5,sin respuesta
56,MauleWomen,8,Women,2009,50,Female,65,No,Incomplete,Yes,6,2005,No,20,20,20,18.2,15.2,0,20,20,0,1,receive benefits,-,-,si se necesita hay que trabajar en lo que sea,hay tripulantes,chasqueadoras,20,20,5.3,0,10,"como estamos con la contaminación nos va a ir re mal. Hasta la luga va a estar contaminada, si es que hay luga. No va a ver muhco de aquí a 10 años."
57,Lota,8,MixedW,2014,54,Female,53,No,Incomplete,No,1,2013,No,20,20,20,10,20,10,10,20,10,10,support,cursos que dan,recibir apoyo de los miembros del sindicato cuando se necesita.,poder trabajar en grupo,si hay necesidad hayq ue hacerlo,faltan cursos para las mujeres,10,20,10,14.1,10,"Me gustaría que fuera buena, pero con el tiempo no va haber que sacar. La pesca esta mala."
58,Lota,8,MixedW,2014,54,Female,47,Yes,primary,No,5,2005,Yes,20,20,20,20,20,20,20,20,1,13.8,win over projects that help us sell the product,apoyo para salir adelante cmo recolectores de orilla; sólo no te escuchan,"poder surgir un poco más, poruqe toda la vida no nos vamos a poder dedicar a lo que hacemos",Hay mujeres que cocen redes,hay mujeres que salen a la pesca,participan en muchos rubros.,20,20,20,20,20,Capas que hayan más mujeres participando. Así como vamos [la mujer] va a participar más.
59,Lota,8,MixedW,2014,54,Female,30,No,HighSchool,Yes,4,2013,Yes,20,20,19,16,10,20,20,20,10,17.4,poder desempeñarme como recolectora de alga,adquirir los beneficios que se obtengan; los dirigentes pelean por conseguir cosas,-,sacrificio,emprendedoras,esforzadas,10,20,10,10,16,Va a progresar. Yo creo que depués los hombres se van a quedar en la casa y las mujeres van a salir.
60,Lota,8,MixedW,2014,54,Male,58,Yes,primary,No,0,2004,Yes,20,20,20,20,20,20,20,20,0,15.8,Aprender cosas marítimas,Conocer como funciona el sistema legar del la pesca (SERNAPESCA),Conocer a personas de distintas partes,salen hace tiempo,es bueno,-,20,20,20,10,20,"Bien. Va a aumentar. Como esta la situación, tienen que ir a la mar."
61,Lota,8,MixedW,2014,54,Female,45,No,primary,Yes,3,2008,No,16,20,20,20,16,14,20,20,10,14.2,conocimiento en la pesca,deberes y derechos,ser parte de la contingencia de la pesca,derechos,Igualdad,oportunidad,20,20,10,12.5,20,"Va a ser un buen porcentajes el de mujeres en la PA. Hay menos miedo al machismo, ahora hay mujeres dirigentas. Los hombres estan más abierto y las mujeres lo dirigen. "
62,ColiumoMen,8,Men,1990,48,Male,36,Yes,HighSchool,Yes,2,1995,Yes,20,20,10,10,10,0,16,10,0,4.2,Estar asosiado a una organización de PA,tener cuotas para la captura de pesca,ayuda por estar asociado a un sindicato,bien,que participen,-,20,15,16,20,15,Va a estar bien. Cada vez hay más mujeres en la PA.
63,ColiumoMen,8,Men,1990,48,Male,40,Yes,primary,Yes,4,1997,Yes,20,20,20,19,15,20,16,14,10,10,tener apoyo,tener opinión,ayudar a compañeros,es bueno,hay que darles la oportunidad,"tiene que esforzarse, tiene buenas ideas, hay que respetarlas",20,20,10,10,10,Bien. Van a conseguir bastantes cosas. Tienen buenas ideas.
64,ColiumoMen,8,Men,1990,48,Male,47,Yes,primary,No,8,1995,Yes,20,10,20,4,10,10,16,2,12,4.7,inscribir embarcación,poder ayudar a los socios,-,ya no es tan soprendente,antes el hombre era más machista,las mujeres son más responsables,10,20,20,10,20,Buena. Esta bien. Aunque tienen pelea como organización por los cutivos de chicoria; por eso nosotros no tenemos
65,ColiumoMen,8,Men,1990,48,Male,63,Yes,primary,Yes,1,2007,Yes,15,10,10,10,10,20,10,18,15,9.2,Tenemosque esta en un sindicato para conseguir cosas,-,-,hay algunas que trabajan,trabajan en las algas,-,20,20,20,20,20,van a seguir participando
66,ColiumoMen,8,Men,1990,48,Male,47,No,primary,No,5,2009,Yes,16,6,10,6,10,0,6,10,16,4.5,me gusta pertenecer al sindicato,si uno quiere pedir prestamos hayq ue ser parte de un sindicato,-,Esta bien,Es un rubro que lo puede hacer cualquiera,-,10,20,6,6,10,Igual van a seguir participando. Van a seguir adelante porque les llegan proyectos.
67,ColiumoWom,8,Women,2002,33,Female,45,No,primary,No,NA,1990,No,19.7,20,20,12,20,10,20,20,16,10.5,Ayuda económica una vez al año,sacar papeles,ser parte del grupo (sindicato 100%),esforzadas,trabajadoras y luchadoras,mejores o igual que los hombres,20,29,20,20,20,"En el rubro va a ser igual que el hombre. Veo a ujeres capitanas con toda su tripulación de mujeres. Si es que hay pesca, si no vamoa a estar todos sentados en la casa. "
68,ColiumoWom,8,Women,2002,33,Female,28,No,HighSchool,No,5,2005,Yes,20,20,17,14,20,10,20,16,10,8.4,me gusta la pesca,los logros obtenidos como grupo,me siento bien en el sindicato,lucha,sacrisficio,empeño,20,20,10,16.2,16.2,Va a disminuir. Así como han disminuidos los hombres que se vana aprobar suerte a otros lados
69,ColiumoWom,8,Women,2002,33,Female,36,Yes,primary,Yes,12,1999,Yes,10,20,20,16,20,20,20,20,10,18.2,monetario,orgullo de pertenecer a un grupo de PA,es algo que me gusta; trabajo en lo que me gusta.,"todo, para mi es todo",orgullosa,instancia que se nos dio para superarnos,20,10,20,20,20,"Importante igual como hora. Me quiero ver en esto, pero la pesca va para abajo. Vamos a seguir luchando para tener voz y voto. "
70,ColiumoWom,8,Women,2002,33,Female,47,Yes,primary,Yes,2,2002,Yes,19.5,20,20,12,14,12,20,20,16,5.8,económicamente pesando algas,poder conocer como funciona el rubro burocráticamente,poder ir a sacar algas,empeñosas,arriesgadas,esforzadas,20,20,14,20,20,"En decadencia porque no hay mucho pescado, aunque pasa por etapas. Lo importante es dejar a loas hijos lo que uno sabepara que no se corte la cadena. Que ellos se puedan hacer cargo del sindicato. "
71,ColiumoWom,8,Women,2002,33,Female,44,No,HighSchool,Yes,5,2002,Yes,17,20,15.1,10,14.5,5.9,20,15.2,4.5,11.6,me valoro,mi auto estima,aprendizaje y satisfacción,valiente,atrevidas,perseverantes,20,20,20,15.5,20,Se van a desarrollar más. También para su auto estima. Tienen que haber políticas que apunten al desarrollo de las mujeres donde la subpesca puede jugar un rol importante. 
72,Cocholgue,8,Women,2004,200,Female,52,Yes,HighSchool,Yes,1,2002,No,18,10,14.5,10,10,15.5,16,14.5,15,7.9,me gusta,ayuda a cuidar el recurso porque uno saca lo que el agua bota naturalmente,"Es bueno estar asociodo porque el grupo se escucha más, uno que esta en la playa, hay que aprovechar",sacrisficio,distracción,poder aprovechar el recurso (es un regalo de Dios que este ahí),15.8,20,16,4,10,la idea de nosotras es permanecer en el tiempoy seguir manejando el recurso. Tener un AM y poder cuidar nuestro recurso para el futuro. Que más mujeres participen y poder proyectarnos en el tiempo. Hay harta juventud para salir adelante.
73,Cocholgue,8,Women,2004,200,Female,44,Yes,primary,Yes,3,2001,No,20,20,12,16,16,10,16,16,14,11.8,poder expresarme y decir lo uqe siento,ser escuchada por otras organizaciones,recursos que se pueden recibir ayuda a la familia,Esfuerzo,sacrisficio,valentía,20,20,10,10,14,"No se van a ver. La gran cantidad de niñas, nuestro hijas no las incentivamos a participar en la pesca, queremos que estudien, que salgan. Muchas veces se van a casar y se van a ir de aca. Nos damos cuenta de que hayq ue dar vuelta la cosa y que nuestro niños hagan otra cosa porque el recurso ya no da."
74,Cocholgue,8,Women,2004,200,Female,48,Yes,HighSchool,No,3,2006,No,20,20,19,18,20,20,18,20,10,7.1,"sacar proyectos, por ejemplo la cocinería",me gusta participar,-,mar,Esfuerzo,Sacrisficio,10,20,7,2,10,"Cada vez peor porque si hay posibilidad de trabajar en otra cosa, uno no se dedica tanto al alga."
75,Cocholgue,8,Women,2004,200,Female,42,Yes,primary,No,1,1999,No,20,20,20,20,20,20,20,20,18,10,trayectoria de alguera,hay que organizarce para ser más vista,tener los documentos al día para ir a las algas.,mar,sacrisficio,cansancio,10,20,0,0,10,"Va a desaparecer, así como vamos ya no va haber alga. La estan exterminando toda y además por el impacto ambiental."
76,Cocholgue,8,Women,2004,200,Female,47,Yes,HighSchool,Yes,2,2004,No,20,20,20,10,16,20,16,16,10,11,satisfacción porque tengo vocación,"me gusta, es bonito ayudar",sacar adelante lo que nos beneficie,sacrificio,desepción,"tener amor por lo que hace uno, por eso se hace lo que se hace",20,20,6.5,10,12,Así como esta la situación las generaciones estan pensando en otras coasa. Salir a estudiar.
77,AnahuacMix,10,MixedM,1997,95,Male,57,Yes,primary,Yes,0,1998,Yes,20,20,20,10,20,20,16,2,0,18.7,Proyectos de ayuda a la pesca,es bueno estar en un sindicato y participar en un grupo,-,colegas,positivo,esta bien,20,20,20,6,2,"Buen punto. Es favorable, darles la oportunidad y sería ilógico no darles la oportunidad porque todos teneomos los mismos derechos. Tienen que hacer lo que les gusta. "
78,AnahuacMix,10,MixedM,1997,95,Male,58,Yes,Incomplete,No,4,1995,No,20,20,10,16,11.5,10,20,16,6.5,17.6,"En agosto, septiembre y fin de año nos dan apoyo y beneficios",Hay apoyo en asistencia médica,Cuando los niños van al colegio el sindicato ayuda con los útiles,Es muy sacrificado para la mujer,puede pero no es necesario,hay mujeres mejores que los hombres,12.9,12.9,10,13.5,13.5,"Más que seguro que tambiñen van a salir a trabajar. Pero no deberían porque es muy sacrificado. A veces las mujeres se la pueden más que los hombres, pero las mujeres son más delicadas. En tierra las mujeres son muy trabajadoras."
79,AnahuacMix,10,MixedM,1997,95,Female,34,Yes,primary,Yes,6,2005,No,19,20,16.7,20,20,20,20,20,0,11.4,Mi marido y toda mi familia esta en este ambiente,Poder ayudar y creernos el cuento de que podemos ser grandes.,ganas de crecer y sacar nuestros poryectos adelante.,Crecimiento,Fortaleza,innovación,20,20,20,20,20,Con incremento de mujeres con ganas de participar y querer hacer cosas.
80,AnahuacMix,10,MixedM,1997,95,Female,21,Yes,HighSchool,No,9,2013,No,20,20,20,20,20,20,20,13,10,11.2,apoyo en proyectos,"oportunidades, por ejemplo ser guía turistica",poder dar opiniones y ser escuchadas,pescadoras,cabezas pensantes en proyectos,crecimiento,16,20,20,20,20,Es un tema bien fuerte y las mujeres cada vez tiene más voz y ahora las mujeres cada vez sale adelante y es más escuchada
81,AnahuacMix,10,MixedM,1997,95,Male,50,Yes,primary,Yes,4,1985,Yes,20,20,20,20,10,20,20,20,0,9.7,crecer,desarrollo de la organización y eso nos beneficia,SI a uno le va bien a todos nos va bien,Beneficiosio,Esta bien,Se estan inicianado y es bueno,20,20,10,10,10,Van a participar más las mujeres. Porque estan llegando bastantes mujeres a la caleta y se van a complementar con loa que uno hace. Las mujeres del sindicato cooperan mucho.
82,AnahuacWom,10,Women,2004,32,Female,56,Yes,primary,Yes,4,1995,No,20,20,16,10,17,16,16,16,10,17.6,tener un fuente de trabajos legalmente,nos ha abierto puertas para trabajar,beneficios que uno tiene como agrupación,sacrificada,esforzada,madre y dueña de casa; hacen este oficio para poder ayudar a sustentar a su familia.,10,20,10,10,10,"Cada vez se me pone más traba al pescador, entonces las mujeres estan menos motivadas. Cada vez es más difícil."
83,AnahuacWom,10,Women,2004,32,Female,62,Yes,Incomplete,No,0,2007,Yes,16.5,20,17.2,10,15.5,10,20,10,16,9,poder trabajar en el carro,es bueno estar en un grupo y sentirse apoyada,,valiente,trabajadora,caperusa,14.2,17,18.2,10,14.5,"Van a haber menos mujeres porque así como va, no hay muhcas que participan. A veces hay muhcas complicaiones, como las vedas."
84,AnahuacWom,10,Women,2004,32,Female,38,Yes,HighSchool,Yes,5,2011,No,10,20,10,14.5,16.2,13.5,11.9,10,10,9.1,Poder trabajar en la venta de pescado cuando tendo tiempo,Me gusta venir y ayudar,"participar en talleres y proyectos, me interesa participar en capacitaciones",aperradas,valientes,trabajadoras,15,20,20,20,20,"Ojalá que haya más participación, que le den más oportunidades, que no haya tanto machismo, que quieran participar. Que le den opinión. Todavía hay mucho machismo, lo hombres no hacen participar a las mujeres en lo que ellos hacen, no dejan subir a las mujeres al bote."
85,AnahuacWom,10,Women,2004,32,Female,43,Yes,primary,Yes,1,2010,Yes,20,20,20,12,18,10,20,13,0,12.8,tener trabajo,hay materiales que podemos ocupar,ganar nuetra plata,bien,"si lo hacen los hombres, las mujeres por qué no",-,20,14,4,4,16,"Puede ser que más mujeres participen sobre todo en trabajos como este de cocinar y vender productos del mar. Difícil que salgan a pescar, no creo"
86,AnahuacWom,10,Women,2004,32,Female,47,Yes,primary,Yes,5,2010,Yes,20,20,20,14,18,10,20,12,0,13,ayudar a mi familia,trabajr y hacer nuestra plata,ahorrar para tener lo suyo,podemos,que trabajen en lo que les gusta,salen a pescar con lo maridos,14,14,4,4,14,Ojalá que fueran igual que una. Que se motiven a hacer cosas. Ojalá que hayan más mujeres participando.
87,Estaquilla,10,MixedW,2002,73,Female,47,Yes,primary,Yes,NA,2002,Yes,20,20,20,16,18,20,20,20,10,17.1,me ha enseñado la unión con los compañeros,me gusta que la gente del sindicato queira emprender,apoyo a la gente,hagalladas,duras,desiertas,20,20,20,14,20,"Mucho más fuerte que hoy. El liderazgo de la mujer no esta aplastado. Las mujeres tienen la capacidad de salir a luchar por lo justo de su entorno, como trabajadoras más alla de la casa. Hay que trabajar a la par para que siempre se te respete. "
88,Estaquilla,10,MixedW,2002,73,Female,39,No,primary,Yes,1,2002,Yes,20,20,20,10,10,15,20,20,20,12.3,"trabajo seguro, fuente de ingresos","me gusta la unión, poder lograr osas juntos",buenos dirigentes que nos ayudan a progresar como organización.,líderes,trabajadora,emprende dora,20,20,10,5,20,"mejor que ahora. Cada vez se ven más mujeres dentro de la pesca. Las mujeres estan más independiente y toman sus propias desiciones, antes no era tna fácil."
89,Estaquilla,10,MixedW,2002,73,Female,47,No,Incomplete,Yes,1,2002,Yes,16,20,14,16,20,10,16,20,10,9.5,Sólo de la pesca podemos ganar el sustento,me gusta la pesca,el sindicato ayuda y entrega herramientas de trabajo,pueden,salir adelante,viven de es; muchas mujeres no tienen otra opción,20,20,10,16,20,"Seguirán adelante, la mayoría llegará hasta donde uno pueda. Queremos sacar más proyectos, planta de proceso, para poder trabajar ahí."
90,Estaquilla,10,MixedW,2002,73,Male,38,Yes,primary,Yes,0,2002,Yes,20,20,20,20,20,20,20,20,3,13.4,remuneración,"me gusta el sindicato, somo unidos",compañerismo,ayudan harto al sindicato,"cuentan, pesan, limpian",es completo el trabajo que hacen,20,20,10,0,10,"Sí, van a tener más posibilidades de trabajo en alta mar de aquí a 10años."
91,Estaquilla,10,MixedW,2002,73,Male,53,No,primary,Yes,8,1994,Yes,20,20,18,16,14,20,16,20,15,12.9,beneficios económicos,me gusta participar,-,esforzadas,trabajadora,aperradas,20,20,20,10,5.3,Va a participar más por lo que se ve. Estan interesadas en la pega.
92,Huahuar,10,MixedM,2004,17,Male,38,No,primary,No,2,2004,Yes,20,20,20,18,18,0,18,18,3,9.6,Experiencia de conocer otros rubros con respecto al loco,Es una sociedad donde trabajamos todos muy unidos,-,Esta bien,"Hoy hay igualdad, que le vamos hacer",tienen los mismos derechos,20,18,13,12,18,"Creo que es variable. Las mujeres igual estan teniendo otras profesiones. Las mujeres más esforzadas no más se quedan. Hay que ser esforzado, no es fácil y tne buen salud."
93,Huahuar,10,MixedM,2004,17,Male,42,No,primary,No,3,2004,Yes,18,20,NA,18,18,20,16,20,10,8.9,"Los recursos del invierno, no se puede trabajar en el campo",participo por vocación,más experiencia y apoyo,Esta bien,Ellas hacen la pega de afuera,"Pueden tabajar en la pesca, hay algunas que trabajan",20,20,18,20,20,Las mujeres más jovenes se van entonces se va a ir perdiendo. Cada vez los recursos son más escasos.
94,Huahuar,10,MixedM,2004,17,Female,70,No,Incomplete,Yes,5,2006,Yes,20,20,NA,20,20,20,12,20,0,8.9,Es con lo que uno puede ganar,yo cocino a los compañeros,-,esforzadas,por necesidad,apoyo a mis nietos,20,10,3,15.5,20,"Mucho más que ahora, va haber más tecnología y facilidaddes. Se le va a ayudar más, cada día hay mas leyes a favor de la mujer."
95,Huahuar,10,MixedM,2004,17,Female,43,No,primary,Yes,8,2003,No,13,20,NA,17,17,20,17,14,2,5,Ayuda para los gastos del hogar,Se distrae y se sale del hogar,fuente de trabajo,mejor futuro,beneficio,poder hacer algo más fuera de la casa,20,20,10,10,7,"Vamos a tener mejor participación. Vamos a participar más. Vamos a trabajar más, y vamos a ser mñas independientes. Vamos a tener mejores programas."
96,Huahuar,10,MixedM,2004,17,Female,37,No,primary,Yes,8,2004,Yes,18,20,NA,18,18,10,16,16,0,9.6,Sentirme más integrada,aportes para mi vivir,una mejor vida,bueno,se ha intrgrado más que antes,-,20,20,10,6,20,Un buen nivel. Van a haber más mujeres integradas en la pesca. Hace 5-6 años eran menos mujeres y se ven cada vez más mujeres. Tambien puede ser que los hombres son menos machistas a esta altura
97,Pampina,10,MixedW,1994,11,Female,44,No,primary,Yes,1,1994,Yes,20,20,19,16,10,10,15,20,10,12,me gusta ser dirigenta,ayudar a la gente,"tener contactos, conocer personas y lugares",Esfuerzo,persistente,paciencia,20,20,10,10,20,"Van a seguir participando mujeres en algunos ámbitos. Pero ya es poca la juventud que se queda acá, pero siemre hay gente que legusta el mar."
98,Pampina,10,MixedW,1994,11,Female,61,No,primary,Yes,1,2004,No,20,20,20,10,17,14,10,14,10,5.4,me gusta ser parte,mi hija participa,años anteriores ganaba algo de plata,"Trabajo en la paya, el la luga",trabajamos a veces,antes ayudabamos a tirar botes y a descargar,17,20,12,0,11,Van a haber menos porque son escasas las cosas del mar.
99,Pampina,10,MixedW,1994,11,Female,57,Yes,primary,Yes,2,1990,No,16,20,20,7.5,20,18,16,10,2,14.3,me gusta,los primeros años ganamos plata,poder ayudar y ver como uno se puede superar; conocer lugares,sacar provecho a la pesca,se puede salir adelante,fuertes y resistetes,15,20,10,6,12.8,"Que se supere, que jaya trabajo, empresas donde las mujeres puedan vender sus productos. Que haya rubro."
100,Pampina,10,MixedW,1994,11,Male,41,No,HighSchool,Yes,10,2002,Yes,20,20,18,16,19,20,12,18,10,8.5,conocer a personas,me hecho amigos,poder tener un ingreso más,Esfuerzo,honestidad,luchadoras por lo que quieren,16,18,12,8,12,"se va a fortalecer debido a la independencia que han adquerido las mujeres por su bien estar y el de sus familias y por tener su propia independencia. Evolución y superación de la mujer. Aca, en la luga las mujeres la llevan. Sin las mujeres no existiríamos. Las mujeres de estos sectores son esforzadas y se sacan la cresta por vivir."
101,Maitencillo,5,Men,1988,40,Male,51,Yes,primary,No,1,1995,Yes,17.5,20,20,10,20,10,16,10,10,11.3,Respetar la vedas,nos da trabajo en el sindicato,hay reglas que respetar y esta bien,no,no es trabajo para la mujer,"no va al caso, latradición no lo permite",8,20,0,0,10,Así como va la cosa se van a ver mujeres en la pesca. Hay muchas mujeres que les gustaría y por más que uno no quiera pueden. En la casa se ven más bonitas.
102,Maitencillo,5,Men,1988,40,Male,63,Yes,primary,Yes,0,1992,Yes,14,20,20,20,14,0,16,14,15,7.2,Fuente de trabajo,tenemos trabajo nosotros y generamos trabajo,-,Aca no hay,en otras caletas sí,"poco, casi nada, en tirúa trabajaban de auxiliar",5,10,2,5,10,"Nada. Cada vez la pesca va más para a bajo que para arriba. En la parte del turismo se pueden integrar las mujeres, después se va a vivir de eso."
103,Maitencillo,5,Men,1988,40,Male,38,Yes,HigherED,No,2,1998,Yes,13.5,18,16,15.9,14.5,13,17,13.3,3.5,10.3,Me gusta el trabajo,me gusta el mar,seguir la tradición de la casa,Depende del caso,Hay que verlo,mientras quiera y le guste no hay problemas,10,13,14,14,14,"Sí, va haber trabajo. El trabajo esta pero no se ateven. Tengo que verlas agarrando el motor. Si no, van a trabajar en el turismos, pero van a participar más."
104,Maitencillo,5,Men,1988,40,Male,55,Yes,HighSchool,Yes,0,1995,No,16,20,1.5,10,20,18,16,6,0,11.8,Beneficio social,Que el entorno de donde vvivo sea límpeao y sano.,-,Ayudante,Encarnadora,cooperación,13,20,10,0,20,"Yo no veo ni la particiación de nosotros en la pesca. Se termina la pesca. Si se fortalece la acuicultura podrían participar. No es una cosa machista, es que no quieren. Generalmente ellas trabajan en otras cosas"
105,Maitencillo,5,Men,1988,40,Male,53,No,primary,Yes,1,1988,Yes,17.5,18,5.8,15.8,12.2,6.5,18,12,1.5,10.9,Fuente de trabajo,-,-,Que sea bueno,en otros lados han incorporado,que hagan cosas que uno no puede hacer.,12.8,17.4,2.2,11,15.3,Más o menos. No se ve mucho futuro en la pesca. Uno no quiere que los hijos vayan a la mar. Tienen que quedarse en la casa haciendo el almuerzo.
106,PichilemuMen,6,Men,1985,37,Male,62,Yes,primary,Yes,9,1992,Yes,14,16,6,16,16,16,10,16,8,6.5,Respaldo en el trabajo,mejor estabilidad,se trabaja más ordenado,recolectoras,no me gusta,-,20,10,0,0,6,"Nula. Seré demasiado machista pero en todo lo que he recorrido no he visto a muchas y veo a tanto hombre desocupado sin espacio para trabajar que creo que se les tiene que da la oporunidad [a esos sin trabajo]. Las mujeres son más ordenadas que los hombres, que trabajen en tierra, ningún problema, son buenas para llevar todo ordenado."
107,PichilemuMen,6,Men,1985,37,Male,56,Yes,Incomplete,Yes,5,1992,Yes,12,20,18,18,18,0,16,16,10,4,Proyectos,Para poder trabajar,-,no,acá no hay ninguna,-,4,0,2,0,14,Tendría que verlo. Las mujeres no participan
108,PichilemuMen,6,Men,1985,37,Male,29,Yes,HighSchool,No,1,2011,Yes,12,18,10.5,17,17,16,16,16,10,7.1,orden,participación,beneficios,Depende del caso,he visto en la recolección,son pocas,18,12,2,0,6,Se podría hacer algo en cuanto a la recolección pero en la pesca es casi nula y hay muy poca pesca
109,PichilemuMen,6,Men,1985,37,Male,61,Yes,primary,Yes,20,1989,Yes,10,20,16,16,16,20,12,20,10,7.7,proyectos que se reciben,por estar organizado,-,han existido siempre,las mujeres ayudan a los hombres,las mujeres trabajan más que los hombres,20,20,0,0,10,Va a andar mal. Los nietos de nosotros ya no va a trabajar ninguno en el mar. Nos estan haciendo desaparecer. Los grandes se quieren comer a los chicos.
110,PichilemuMen,6,Men,1985,37,Male,50,Yes,primary,Yes,1,1992,Yes,20,20,16,20,16,10,16,16,16,10,ayudar a los socios,me gusta,trabajo,daño (acá en pichilemu),no ocupan su área de manejo y pierden las cosas,algueras,15.5,4,10,0,10,"Mala, porque ya no hay que sacar. Ya no hay recurso."
111,Chorrillo,6,MixedM,1990,53,Male,40,Yes,primary,No,4,1995,Yes,16,20,10,10,6,10,20,10,20,13.2,me gusta,se logran cosas que nos sirven a todos,-,bueno,bonito,aca hay varias,16,20,10,10,20,"Leve disminución porque aquí uno se da cuenta, los hijos de nosotros ya no trabajan en el mar. Se vana trabajar en otras cosas."
112,Chorrillo,6,MixedM,1990,53,Male,55,Yes,primary,Yes,1,1990,Yes,20,20,10,20,20,20,20,20,10,8.9,trabajo en el mar,recibo beneficios,hay que estar organizados,participan igual que los hombres ahora,hay pecadoras y recolectoras,-,20,20,20,20,20,"Bien. De aquí a 10 años las mujeres vana a trabajar igual que los hombres, eso se ve en todas partes. Hay mujeres que trabajan más."
113,Chorrillo,6,MixedM,1990,53,Male,53,Yes,Incomplete,No,2,2002,No,20,20,12.8,20,11.5,20,20,20,6,19.3,Proyectos,tractor que nos ayuda en el trabajo,-,que participen,la mujer es más activa,En el caso de los pryectos se manejan mejor que uno,10,12.5,10,15,6.7,"Puede que se integren, pero esta muy mala la cosa."
114,Chorrillo,6,MixedM,1990,53,Female,44,Yes,HighSchool,Yes,3,2002,No,20,20,10,10,10,20,15,10,15,14.6,necesidad económica,me gusta participar en las asociaciones,poder trabajar con tranquilidad,emprendedoras,luchadoras,trabajadoras,20,20,10,5,20,De aquí a diez años no va haber muhca participación y además cada vez hay más oportunidades de trabajo en otras cosas y eso es bueno.
115,Chorrillo,6,MixedM,1990,53,Female,50,Yes,primary,Yes,1,1990,No,10,10,3,5.5,7,10,10,10,20,10,poder trabajr tranquila,me gusta trabajr en las algas,-,sacrificio,matador,-,15,10,3,0,20,"esto se va a terminar. No vamos as eguir trabajando, se va a acabar el recurso y ya se esta viendo."